tenant_id,cod_norm,unidad,n_filas,n_sucursales,n_precios_venta_distintos,n_barcodes,n_nombres_distintos,ids,sucursales
d99199c9-4ac7-43b1-b4fb-4393c4a6b359,cuv-0001,unidad,11,1,1,0,11,"[""53ecd7bb-f099-48df-b437-017697bfa3d8"",""afdea243-0225-4090-bb0d-d09c2eee31bf"",""a4141c75-924c-4c52-a383-19f1086cdf07"",""ff157428-08d2-4682-ba76-2a470559e350"",""1d7b4055-7a9d-4ff4-906c-35177f9b5bd5"",""f88b30e8-778f-4728-b956-bb061d81c6c6"",""08227884-ef19-4a45-b399-d6d4c79c7b13"",""9e3a2b66-8ca5-4a3e-a04e-40c72cac7eea"",""af15eaae-2c1c-4fa9-983c-dea283cf3dd7"",""9cabb151-0292-4dfc-a686-7f829ed33f8b"",""0ed50cf8-f9fb-47d7-9d96-96cbf6937c78""]","[""32282660-f9fa-4fbc-8d19-bea5108482c2"",""32282660-f9fa-4fbc-8d19-bea5108482c2"",""32282660-f9fa-4fbc-8d19-bea5108482c2"",""32282660-f9fa-4fbc-8d19-bea5108482c2"",""32282660-f9fa-4fbc-8d19-bea5108482c2"",""32282660-f9fa-4fbc-8d19-bea5108482c2"",""32282660-f9fa-4fbc-8d19-bea5108482c2"",""32282660-f9fa-4fbc-8d19-bea5108482c2"",""32282660-f9fa-4fbc-8d19-bea5108482c2"",""32282660-f9fa-4fbc-8d19-bea5108482c2"",""32282660-f9fa-4fbc-8d19-bea5108482c2""]"
5ce09c38-082c-40e7-bb31-141f18821dbe,85,unidad,6,1,6,1,5,"[""6580b504-dc75-4697-bef4-9cc31247fe2c"",""304f5475-1b3e-4bd5-9b1c-fbfb0a2d2e8f"",""d71786dd-99cd-40b9-a8ce-b326a654b8c9"",""71c036c3-44a6-4c64-a351-6e26a38a53e3"",""e5a5923c-9591-4fbe-9c72-a75f84e58d8c"",""a220913b-c616-47b0-a766-b52f9deb7843""]","[""16cf1324-8f8d-40db-8f7c-fc9dc4efb658"",""16cf1324-8f8d-40db-8f7c-fc9dc4efb658"",""16cf1324-8f8d-40db-8f7c-fc9dc4efb658"",""16cf1324-8f8d-40db-8f7c-fc9dc4efb658"",""16cf1324-8f8d-40db-8f7c-fc9dc4efb658"",""16cf1324-8f8d-40db-8f7c-fc9dc4efb658""]"
5ce09c38-082c-40e7-bb31-141f18821dbe,140,unidad,6,1,6,0,5,"[""97ec70ae-f4ea-4752-9f9c-fba66d87db10"",""1ff97016-e728-4375-bd46-b1d942709df8"",""2270ded2-0084-426b-bce9-18085ba6481b"",""b7aef2b7-d598-4416-8a6f-ba9d1b6cef92"",""559fefc3-b1ef-450f-919d-dd45b979b246"",""26c16e30-49d2-4190-b3c6-6ffb8bbdf40e""]","[""16cf1324-8f8d-40db-8f7c-fc9dc4efb658"",""16cf1324-8f8d-40db-8f7c-fc9dc4efb658"",""16cf1324-8f8d-40db-8f7c-fc9dc4efb658"",""16cf1324-8f8d-40db-8f7c-fc9dc4efb658"",""16cf1324-8f8d-40db-8f7c-fc9dc4efb658"",""16cf1324-8f8d-40db-8f7c-fc9dc4efb658""]"
5ce09c38-082c-40e7-bb31-141f18821dbe,600,unidad,5,1,5,1,4,"[""a7f178b3-0d25-425d-9b32-e9415be7e6da"",""cb90acf7-e922-49f4-b4c9-eaa826e90d30"",""55e4127d-5930-44ae-b307-fa7acca8d705"",""19898865-ef19-4a67-a1ec-fe1cbbe6de8f"",""64352706-11c6-4a24-9a1b-67db3de74e57""]","[""16cf1324-8f8d-40db-8f7c-fc9dc4efb658"",""16cf1324-8f8d-40db-8f7c-fc9dc4efb658"",""16cf1324-8f8d-40db-8f7c-fc9dc4efb658"",""16cf1324-8f8d-40db-8f7c-fc9dc4efb658"",""16cf1324-8f8d-40db-8f7c-fc9dc4efb658""]"
5ce09c38-082c-40e7-bb31-141f18821dbe,1040,unidad,5,1,5,1,4,"[""f17739d0-c54c-4a30-aa4e-96ab6207a15c"",""905c5394-07e6-4bd5-9db8-86ee4ea8bc2c"",""8cbdd077-5e95-4ced-88b5-697cd397247b"",""d7dd098b-f387-4269-9dd0-ba8e32edafd7"",""6356d2fb-47fc-46af-bc20-253385fc86ec""]","[""16cf1324-8f8d-40db-8f7c-fc9dc4efb658"",""16cf1324-8f8d-40db-8f7c-fc9dc4efb658"",""16cf1324-8f8d-40db-8f7c-fc9dc4efb658"",""16cf1324-8f8d-40db-8f7c-fc9dc4efb658"",""16cf1324-8f8d-40db-8f7c-fc9dc4efb658""]"
5ce09c38-082c-40e7-bb31-141f18821dbe,212,unidad,5,1,5,1,4,"[""7cf57a97-f58b-4783-8aa4-995e96242128"",""36728364-0610-4b0a-8723-1b1f09d23af9"",""3bc0ee6c-fad4-4cd3-bc27-4f3e06f1265c"",""f6bbc5b2-8b5b-4121-9a5d-8d4e613486f8"",""fc2c8ff7-bc7b-4ec3-a44f-a4aa21233b36""]","[""16cf1324-8f8d-40db-8f7c-fc9dc4efb658"",""16cf1324-8f8d-40db-8f7c-fc9dc4efb658"",""16cf1324-8f8d-40db-8f7c-fc9dc4efb658"",""16cf1324-8f8d-40db-8f7c-fc9dc4efb658"",""16cf1324-8f8d-40db-8f7c-fc9dc4efb658""]"
5ce09c38-082c-40e7-bb31-141f18821dbe,9730,unidad,5,1,5,0,4,"[""99eea305-7910-4a9f-9f9d-988455c76452"",""c982dcaa-86c5-49dc-a02e-1478015c6fec"",""7b2dea6a-3270-4f7f-afe3-929b3547f030"",""ab492465-bcfd-4090-9317-a10c51abf615"",""3838cbc4-77f1-4edf-adbe-78bee60cb7fb""]","[""16cf1324-8f8d-40db-8f7c-fc9dc4efb658"",""16cf1324-8f8d-40db-8f7c-fc9dc4efb658"",""16cf1324-8f8d-40db-8f7c-fc9dc4efb658"",""16cf1324-8f8d-40db-8f7c-fc9dc4efb658"",""16cf1324-8f8d-40db-8f7c-fc9dc4efb658""]"
5ce09c38-082c-40e7-bb31-141f18821dbe,365,unidad,5,1,5,0,5,"[""de7aedd6-c9a7-46c6-a58c-75d77713ee3f"",""72aea587-fc99-455d-9c66-3004251a7155"",""14b19834-e13f-4f6e-99ba-0ae77c2b64d5"",""898952b8-bdf6-4a7d-b724-b14d100c40c6"",""476097d3-2099-40f1-97d0-4f0127668ec3""]","[""16cf1324-8f8d-40db-8f7c-fc9dc4efb658"",""16cf1324-8f8d-40db-8f7c-fc9dc4efb658"",""16cf1324-8f8d-40db-8f7c-fc9dc4efb658"",""16cf1324-8f8d-40db-8f7c-fc9dc4efb658"",""16cf1324-8f8d-40db-8f7c-fc9dc4efb658""]"
5ce09c38-082c-40e7-bb31-141f18821dbe,710,unidad,5,1,5,0,4,"[""9d8e2549-d02d-4731-8bda-1e5e290aac4d"",""421c1935-30d8-4c28-84e0-21452e8cc921"",""dfe49069-e78e-4536-a434-472a3a23422a"",""e03bcd18-642c-4837-ac34-5488c2954b6e"",""4d48c01e-a65b-49e0-b75b-1c7e0afb67ca""]","[""16cf1324-8f8d-40db-8f7c-fc9dc4efb658"",""16cf1324-8f8d-40db-8f7c-fc9dc4efb658"",""16cf1324-8f8d-40db-8f7c-fc9dc4efb658"",""16cf1324-8f8d-40db-8f7c-fc9dc4efb658"",""16cf1324-8f8d-40db-8f7c-fc9dc4efb658""]"
5ce09c38-082c-40e7-bb31-141f18821dbe,1060,unidad,5,1,5,0,4,"[""6e92f954-8065-444f-a97c-3e91e603e72d"",""138b106b-08f1-4044-8fdb-0b13745500b3"",""f1f45e07-e7e8-4bfa-a2c9-c942b7630c17"",""4ce25b9d-07ac-4eb7-bb63-e6451712f7d8"",""574ea64b-1030-4fdf-a829-a0a606c0c8d9""]","[""16cf1324-8f8d-40db-8f7c-fc9dc4efb658"",""16cf1324-8f8d-40db-8f7c-fc9dc4efb658"",""16cf1324-8f8d-40db-8f7c-fc9dc4efb658"",""16cf1324-8f8d-40db-8f7c-fc9dc4efb658"",""16cf1324-8f8d-40db-8f7c-fc9dc4efb658""]"
5ce09c38-082c-40e7-bb31-141f18821dbe,700,unidad,5,1,5,1,4,"[""80d9c5f7-d765-4424-b58e-099e99da1be8"",""cc84ee01-2d19-4468-bb2c-c735fd8d372b"",""fa37afef-75b6-4950-92fc-9c9964ad220b"",""c1cefc7a-783b-4113-b422-4d61061b30ba"",""ca2bab2d-f3a9-47b9-a499-fa892dc7712a""]","[""16cf1324-8f8d-40db-8f7c-fc9dc4efb658"",""16cf1324-8f8d-40db-8f7c-fc9dc4efb658"",""16cf1324-8f8d-40db-8f7c-fc9dc4efb658"",""16cf1324-8f8d-40db-8f7c-fc9dc4efb658"",""16cf1324-8f8d-40db-8f7c-fc9dc4efb658""]"
5ce09c38-082c-40e7-bb31-141f18821dbe,270,unidad,5,1,5,0,5,"[""14974780-9086-40e1-86f2-f2bca03a0d5c"",""ed2b27c8-3b0a-493d-97fc-4bfbaeabf4fb"",""2efcd74f-923a-4cfd-937a-34810112ea17"",""1f7cd980-14d8-48cf-abe8-e020c7dc22b3"",""d48c0a93-1e08-4e0e-bc9a-617351741905""]","[""16cf1324-8f8d-40db-8f7c-fc9dc4efb658"",""16cf1324-8f8d-40db-8f7c-fc9dc4efb658"",""16cf1324-8f8d-40db-8f7c-fc9dc4efb658"",""16cf1324-8f8d-40db-8f7c-fc9dc4efb658"",""16cf1324-8f8d-40db-8f7c-fc9dc4efb658""]"
5ce09c38-082c-40e7-bb31-141f18821dbe,1030,unidad,5,1,5,0,4,"[""4837f896-08c7-4468-9117-1d6a83666d58"",""8bc0c3d1-345f-43b0-ab02-9957d0a4b223"",""e5a4547c-7572-43a0-81dd-11416d389018"",""57cbd92a-adb7-4e85-b937-3edd4a44bc3a"",""ef11ee7a-ee74-42b2-ab06-ba6c46d4b514""]","[""16cf1324-8f8d-40db-8f7c-fc9dc4efb658"",""16cf1324-8f8d-40db-8f7c-fc9dc4efb658"",""16cf1324-8f8d-40db-8f7c-fc9dc4efb658"",""16cf1324-8f8d-40db-8f7c-fc9dc4efb658"",""16cf1324-8f8d-40db-8f7c-fc9dc4efb658""]"
5ce09c38-082c-40e7-bb31-141f18821dbe,130,unidad,5,1,5,1,4,"[""9afd73f3-047f-4ae3-97b1-ef64792756a1"",""3e05400e-930d-4871-94cc-b983c217d82b"",""33038f9d-ed45-4727-a4ec-49cf8f411a49"",""e1faed94-e499-4113-a112-9881318d1974"",""b2585aba-5aa7-46cc-ab56-83bc6571f408""]","[""16cf1324-8f8d-40db-8f7c-fc9dc4efb658"",""16cf1324-8f8d-40db-8f7c-fc9dc4efb658"",""16cf1324-8f8d-40db-8f7c-fc9dc4efb658"",""16cf1324-8f8d-40db-8f7c-fc9dc4efb658"",""16cf1324-8f8d-40db-8f7c-fc9dc4efb658""]"
5ce09c38-082c-40e7-bb31-141f18821dbe,250,unidad,5,1,5,1,4,"[""2159b5b5-2579-44dd-a0b8-f16dc4a47c26"",""c1167983-1e91-468b-a07d-36abe503be8c"",""8327f5d7-1571-4b0b-a8b8-ee8f0f278925"",""272f9f9d-babe-40d1-9359-a0006765b7d0"",""44a670e3-923c-4768-aba0-54570249d578""]","[""16cf1324-8f8d-40db-8f7c-fc9dc4efb658"",""16cf1324-8f8d-40db-8f7c-fc9dc4efb658"",""16cf1324-8f8d-40db-8f7c-fc9dc4efb658"",""16cf1324-8f8d-40db-8f7c-fc9dc4efb658"",""16cf1324-8f8d-40db-8f7c-fc9dc4efb658""]"
5ce09c38-082c-40e7-bb31-141f18821dbe,105,unidad,5,1,5,2,4,"[""42399a8b-70e7-47fe-affa-9790b0f03682"",""07e25d32-95f8-45dd-a703-12a14aa7d0e5"",""3012628b-0395-48ec-95d0-016c404b9f98"",""f046652e-7ff9-4ebf-9f65-a2af25b85139"",""32512b12-9bba-42e4-9e7d-10964574a9f5""]","[""16cf1324-8f8d-40db-8f7c-fc9dc4efb658"",""16cf1324-8f8d-40db-8f7c-fc9dc4efb658"",""16cf1324-8f8d-40db-8f7c-fc9dc4efb658"",""16cf1324-8f8d-40db-8f7c-fc9dc4efb658"",""16cf1324-8f8d-40db-8f7c-fc9dc4efb658""]"
5ce09c38-082c-40e7-bb31-141f18821dbe,400,unidad,5,1,5,0,4,"[""20e0e2da-b91f-47e4-8c15-d3bd1ab36eb1"",""4a09302a-6f10-47c5-96a4-dd498628c26f"",""bf93bb68-57ab-4b98-8bea-bcb78f51f647"",""72d0592e-18ad-49df-8687-c5bab09b2dc5"",""a413ad0d-2fb1-4578-92e2-59f24ea84ce8""]","[""16cf1324-8f8d-40db-8f7c-fc9dc4efb658"",""16cf1324-8f8d-40db-8f7c-fc9dc4efb658"",""16cf1324-8f8d-40db-8f7c-fc9dc4efb658"",""16cf1324-8f8d-40db-8f7c-fc9dc4efb658"",""16cf1324-8f8d-40db-8f7c-fc9dc4efb658""]"
5ce09c38-082c-40e7-bb31-141f18821dbe,107,unidad,5,1,4,0,4,"[""0937d67e-be35-4ecf-87e4-b29ae6f393c2"",""971045b6-871a-4db7-ab4d-4f1e4bc5dd82"",""148dda0b-c1e9-4be2-8668-14a0639a493b"",""818ea0ae-4c14-4ff3-927c-557fe4fc703a"",""d452f8d6-6dba-4450-b3e3-d08d9c11ffdc""]","[""16cf1324-8f8d-40db-8f7c-fc9dc4efb658"",""16cf1324-8f8d-40db-8f7c-fc9dc4efb658"",""16cf1324-8f8d-40db-8f7c-fc9dc4efb658"",""16cf1324-8f8d-40db-8f7c-fc9dc4efb658"",""16cf1324-8f8d-40db-8f7c-fc9dc4efb658""]"
5ce09c38-082c-40e7-bb31-141f18821dbe,677,unidad,5,1,4,1,4,"[""b4eb044f-e2be-47fc-a14a-fc4912b2c4b8"",""abfb4d7d-adbd-42d0-9111-0d91d790b8f9"",""74cc03bb-1031-4b65-9c4e-682b1df64349"",""adc56ec3-831c-4e3e-bdf7-da4f77631bfe"",""205fd298-f491-44da-b6ee-b1d538acaac2""]","[""16cf1324-8f8d-40db-8f7c-fc9dc4efb658"",""16cf1324-8f8d-40db-8f7c-fc9dc4efb658"",""16cf1324-8f8d-40db-8f7c-fc9dc4efb658"",""16cf1324-8f8d-40db-8f7c-fc9dc4efb658"",""16cf1324-8f8d-40db-8f7c-fc9dc4efb658""]"
5ce09c38-082c-40e7-bb31-141f18821dbe,150,unidad,5,1,4,0,5,"[""90ebfe7a-c41c-46b4-8632-220157f8247b"",""16413ac8-8a8b-4ff8-834d-c4e7ce5ac437"",""04e7e63f-9abd-47ee-9f0f-140542729ee6"",""14960f6e-1f9c-4b1e-96ac-1ca5af1a15b3"",""4489d596-1c1f-4832-810c-90b81f0cb40b""]","[""16cf1324-8f8d-40db-8f7c-fc9dc4efb658"",""16cf1324-8f8d-40db-8f7c-fc9dc4efb658"",""16cf1324-8f8d-40db-8f7c-fc9dc4efb658"",""16cf1324-8f8d-40db-8f7c-fc9dc4efb658"",""16cf1324-8f8d-40db-8f7c-fc9dc4efb658""]"
5ce09c38-082c-40e7-bb31-141f18821dbe,90,unidad,5,1,4,0,4,"[""c32d8397-091e-42f7-9581-a2a231554767"",""ca368a11-df2d-4eaf-aeb7-56be2b5b9350"",""25031238-9260-49a0-ae5f-876b4e7d9993"",""b2ee966b-ebb5-4f63-9912-e32c288b08d0"",""fc16a9b1-48e2-4c3e-8261-0fa68f223aa7""]","[""16cf1324-8f8d-40db-8f7c-fc9dc4efb658"",""16cf1324-8f8d-40db-8f7c-fc9dc4efb658"",""16cf1324-8f8d-40db-8f7c-fc9dc4efb658"",""16cf1324-8f8d-40db-8f7c-fc9dc4efb658"",""16cf1324-8f8d-40db-8f7c-fc9dc4efb658""]"
5ce09c38-082c-40e7-bb31-141f18821dbe,40,unidad,5,1,4,0,4,"[""ec6e0d2d-4329-4277-a4ac-d3972ef873fe"",""d92e83bf-2dd3-48ce-96b3-8cc269d5866b"",""21dcaed3-3159-419c-b591-9372e0e84a55"",""52fa5803-e916-4d70-a7c3-e8f3b288ca8d"",""8ee37314-7f60-40a1-bbdb-89f933070efa""]","[""16cf1324-8f8d-40db-8f7c-fc9dc4efb658"",""16cf1324-8f8d-40db-8f7c-fc9dc4efb658"",""16cf1324-8f8d-40db-8f7c-fc9dc4efb658"",""16cf1324-8f8d-40db-8f7c-fc9dc4efb658"",""16cf1324-8f8d-40db-8f7c-fc9dc4efb658""]"
5ce09c38-082c-40e7-bb31-141f18821dbe,50,unidad,5,1,4,2,4,"[""253b3b61-fa5a-42ad-b203-879be3b1c779"",""9858b00b-f3b4-4611-9e4b-8787670a70a3"",""d2488a43-d07e-493a-bcc2-d930a9e79ee9"",""8186f27f-2a24-4057-b12e-fb2a2fffbdff"",""b7163e8f-b79c-46a6-82f2-260a417c7821""]","[""16cf1324-8f8d-40db-8f7c-fc9dc4efb658"",""16cf1324-8f8d-40db-8f7c-fc9dc4efb658"",""16cf1324-8f8d-40db-8f7c-fc9dc4efb658"",""16cf1324-8f8d-40db-8f7c-fc9dc4efb658"",""16cf1324-8f8d-40db-8f7c-fc9dc4efb658""]"
5ce09c38-082c-40e7-bb31-141f18821dbe,220,unidad,5,1,4,0,4,"[""888042f4-310d-42e6-957a-6fa3a983738b"",""3e7c861f-0593-44b0-baff-f50670e625c2"",""673f35e6-cd71-4be8-9a0d-a16b3e035f95"",""91550ce4-35e2-45b2-b6b7-2e4681f420d8"",""3773b6f0-14a7-42fb-8a73-e4bedaeec9a7""]","[""16cf1324-8f8d-40db-8f7c-fc9dc4efb658"",""16cf1324-8f8d-40db-8f7c-fc9dc4efb658"",""16cf1324-8f8d-40db-8f7c-fc9dc4efb658"",""16cf1324-8f8d-40db-8f7c-fc9dc4efb658"",""16cf1324-8f8d-40db-8f7c-fc9dc4efb658""]"
5ce09c38-082c-40e7-bb31-141f18821dbe,25,unidad,5,1,4,1,4,"[""78c3e55b-a0ad-42c3-aa47-466c64e2bbac"",""b7beb576-7a44-475b-873d-38614b1b74ae"",""c606885e-9edb-4f40-ab25-692f128062c3"",""6a8d7f37-cb93-4c85-981c-8337c11d0242"",""21535a69-8c1b-4e64-8ab5-874f3b2e9b9a""]","[""16cf1324-8f8d-40db-8f7c-fc9dc4efb658"",""16cf1324-8f8d-40db-8f7c-fc9dc4efb658"",""16cf1324-8f8d-40db-8f7c-fc9dc4efb658"",""16cf1324-8f8d-40db-8f7c-fc9dc4efb658"",""16cf1324-8f8d-40db-8f7c-fc9dc4efb658""]"
5ce09c38-082c-40e7-bb31-141f18821dbe,210,unidad,5,1,4,0,4,"[""c90e3a85-9c72-4419-b65b-9f8bf9eb8d45"",""f9a47932-5111-421e-94c7-d8f8141f0ab9"",""27857555-207d-4a5b-97f3-aaf3c412bed8"",""9ea89fac-5ae1-40b8-9863-5d5246caa408"",""5074cf2c-0f76-4d25-af6f-6cb939ecb946""]","[""16cf1324-8f8d-40db-8f7c-fc9dc4efb658"",""16cf1324-8f8d-40db-8f7c-fc9dc4efb658"",""16cf1324-8f8d-40db-8f7c-fc9dc4efb658"",""16cf1324-8f8d-40db-8f7c-fc9dc4efb658"",""16cf1324-8f8d-40db-8f7c-fc9dc4efb658""]"
5ce09c38-082c-40e7-bb31-141f18821dbe,10210,unidad,4,1,4,0,4,"[""070cdd93-52c1-42a1-87de-025bb5888725"",""e1f0d20a-bd7e-45f4-990a-b7f042e05953"",""6f0e40c9-0703-49b5-9c8a-b8ee958896b0"",""7e0acbee-4c65-47a3-8c79-1d4b525da053""]","[""16cf1324-8f8d-40db-8f7c-fc9dc4efb658"",""16cf1324-8f8d-40db-8f7c-fc9dc4efb658"",""16cf1324-8f8d-40db-8f7c-fc9dc4efb658"",""16cf1324-8f8d-40db-8f7c-fc9dc4efb658""]"
5ce09c38-082c-40e7-bb31-141f18821dbe,124,unidad,4,1,4,0,3,"[""e57ed3ab-5c32-4baa-97fa-917ee7003e0c"",""30286900-9ae6-4463-9e5e-93098fe450df"",""e88bf981-6902-4487-8621-de1e46926a9a"",""b4953b76-decf-4e6f-b0aa-35b66526cf56""]","[""16cf1324-8f8d-40db-8f7c-fc9dc4efb658"",""16cf1324-8f8d-40db-8f7c-fc9dc4efb658"",""16cf1324-8f8d-40db-8f7c-fc9dc4efb658"",""16cf1324-8f8d-40db-8f7c-fc9dc4efb658""]"
5ce09c38-082c-40e7-bb31-141f18821dbe,10200,unidad,4,1,4,1,4,"[""3c123ae8-9661-44a7-aff1-a1a4c5c6c112"",""bad39b97-b923-450a-959d-9285bc3c7530"",""8b968033-12ec-46ae-af4b-36f64294f348"",""59095cc4-6e23-4017-aa63-654501a98171""]","[""16cf1324-8f8d-40db-8f7c-fc9dc4efb658"",""16cf1324-8f8d-40db-8f7c-fc9dc4efb658"",""16cf1324-8f8d-40db-8f7c-fc9dc4efb658"",""16cf1324-8f8d-40db-8f7c-fc9dc4efb658""]"
5ce09c38-082c-40e7-bb31-141f18821dbe,10170,unidad,4,1,4,1,3,"[""7af0361e-479e-4e84-8cb6-90c35a224f6e"",""119b0304-4ed4-4292-9b49-81fb74c1b3f7"",""88197c34-016f-43c7-b08c-44228d2409df"",""1690694c-0375-401f-93f0-ee076f2d9968""]","[""16cf1324-8f8d-40db-8f7c-fc9dc4efb658"",""16cf1324-8f8d-40db-8f7c-fc9dc4efb658"",""16cf1324-8f8d-40db-8f7c-fc9dc4efb658"",""16cf1324-8f8d-40db-8f7c-fc9dc4efb658""]"
5ce09c38-082c-40e7-bb31-141f18821dbe,10180,unidad,4,1,4,0,3,"[""e5da31f5-9fdf-43e6-b7a8-53ed27124d26"",""cc377a6c-9da5-49fb-b246-18e96b5230a5"",""82ac285b-7594-4852-9196-9dce44b764c4"",""82124f95-83b0-4c47-88c0-628d13bbd693""]","[""16cf1324-8f8d-40db-8f7c-fc9dc4efb658"",""16cf1324-8f8d-40db-8f7c-fc9dc4efb658"",""16cf1324-8f8d-40db-8f7c-fc9dc4efb658"",""16cf1324-8f8d-40db-8f7c-fc9dc4efb658""]"
5ce09c38-082c-40e7-bb31-141f18821dbe,1220,unidad,4,1,4,1,3,"[""d4b3edd8-9b61-4bd0-b58b-88dae29bc146"",""8d1d1e5c-2cd6-4384-8abc-9a0fc18e1672"",""a85911d6-66b3-4a4d-b68c-e52ed23c763a"",""db852554-6ae7-44e9-82a1-8e4991e42ed7""]","[""16cf1324-8f8d-40db-8f7c-fc9dc4efb658"",""16cf1324-8f8d-40db-8f7c-fc9dc4efb658"",""16cf1324-8f8d-40db-8f7c-fc9dc4efb658"",""16cf1324-8f8d-40db-8f7c-fc9dc4efb658""]"
5ce09c38-082c-40e7-bb31-141f18821dbe,1240,unidad,4,1,4,0,3,"[""6a932250-3631-499d-a3f0-5a650338355a"",""f1e83dcd-3df9-4e42-a5ed-4b36a8c53d3f"",""0b76f576-a008-4143-a9d0-7c6a89e49ece"",""5475fc3d-ed51-4f01-81eb-057018b3844e""]","[""16cf1324-8f8d-40db-8f7c-fc9dc4efb658"",""16cf1324-8f8d-40db-8f7c-fc9dc4efb658"",""16cf1324-8f8d-40db-8f7c-fc9dc4efb658"",""16cf1324-8f8d-40db-8f7c-fc9dc4efb658""]"
5ce09c38-082c-40e7-bb31-141f18821dbe,120,unidad,4,1,4,1,3,"[""8a80722d-108e-4ae0-ab99-e8d4b1cc39f6"",""aac6d0d4-9c58-47e2-8e87-c896c5c9d3db"",""66ea8ddf-99b5-4355-bceb-c345d44c575d"",""9381aec4-d61e-43b7-8229-7537f8884cb5""]","[""16cf1324-8f8d-40db-8f7c-fc9dc4efb658"",""16cf1324-8f8d-40db-8f7c-fc9dc4efb658"",""16cf1324-8f8d-40db-8f7c-fc9dc4efb658"",""16cf1324-8f8d-40db-8f7c-fc9dc4efb658""]"
5ce09c38-082c-40e7-bb31-141f18821dbe,11790,unidad,4,1,4,0,4,"[""8956a18e-0f3a-4896-b4f4-e6529dcbeca8"",""12769f06-3d4b-4b22-b249-51c7878ea125"",""9c31f20c-e08d-4cca-ab73-623b36aeda1c"",""c296bbdb-bf30-4428-9c11-6504b412aa0a""]","[""16cf1324-8f8d-40db-8f7c-fc9dc4efb658"",""16cf1324-8f8d-40db-8f7c-fc9dc4efb658"",""16cf1324-8f8d-40db-8f7c-fc9dc4efb658"",""16cf1324-8f8d-40db-8f7c-fc9dc4efb658""]"
5ce09c38-082c-40e7-bb31-141f18821dbe,151,unidad,4,1,4,0,3,"[""672860c2-48f8-4f05-984b-fd063702bec6"",""54f86a28-220c-4e85-8e2e-401f8d418652"",""db5c2714-ea83-4bc1-b4fc-a1599dae84fc"",""12a831f9-c80d-4006-97cc-233e9df894c2""]","[""16cf1324-8f8d-40db-8f7c-fc9dc4efb658"",""16cf1324-8f8d-40db-8f7c-fc9dc4efb658"",""16cf1324-8f8d-40db-8f7c-fc9dc4efb658"",""16cf1324-8f8d-40db-8f7c-fc9dc4efb658""]"
5ce09c38-082c-40e7-bb31-141f18821dbe,11130,unidad,4,1,4,2,3,"[""fde0f01e-20f5-4c2f-be40-e7bf371df9b6"",""14acc0b1-6c2f-4ba9-8fe2-1c672a48c9ed"",""f4c9224b-639e-4260-af52-d92bec0bb12d"",""735f25e5-46e8-4c03-9587-f07eb2e02033""]","[""16cf1324-8f8d-40db-8f7c-fc9dc4efb658"",""16cf1324-8f8d-40db-8f7c-fc9dc4efb658"",""16cf1324-8f8d-40db-8f7c-fc9dc4efb658"",""16cf1324-8f8d-40db-8f7c-fc9dc4efb658""]"
5ce09c38-082c-40e7-bb31-141f18821dbe,11650,unidad,4,1,4,0,3,"[""415f4bf8-eb00-4afb-a682-fa364f804a01"",""9df91b9d-cc11-4a7b-9b55-2c1f044318f5"",""741e43c6-bd5c-4264-8c4a-ca4b085f71bd"",""2f3cbdbf-6a8b-4324-bacb-9828036ff4fc""]","[""16cf1324-8f8d-40db-8f7c-fc9dc4efb658"",""16cf1324-8f8d-40db-8f7c-fc9dc4efb658"",""16cf1324-8f8d-40db-8f7c-fc9dc4efb658"",""16cf1324-8f8d-40db-8f7c-fc9dc4efb658""]"
5ce09c38-082c-40e7-bb31-141f18821dbe,121,unidad,4,1,4,0,3,"[""64ecd4d0-bdaa-40f2-a15e-f3215413394c"",""b2d213d4-cb10-426b-920d-e82a5b583ff6"",""f194b933-8f4a-4464-bac5-2700b7cc9290"",""e4f3ef78-aea4-4156-ab09-6d43db45b6e6""]","[""16cf1324-8f8d-40db-8f7c-fc9dc4efb658"",""16cf1324-8f8d-40db-8f7c-fc9dc4efb658"",""16cf1324-8f8d-40db-8f7c-fc9dc4efb658"",""16cf1324-8f8d-40db-8f7c-fc9dc4efb658""]"
5ce09c38-082c-40e7-bb31-141f18821dbe,15100,unidad,4,1,4,0,3,"[""5d1eb1ec-3f9b-49e8-bd91-aedef0bab296"",""522ca0f9-993f-4c30-aa91-f0c6bfa08a98"",""03da0983-ab96-47a0-9598-4aa1ec1de0e7"",""d418ce4e-3872-4ed5-8484-b93fbaa180a5""]","[""16cf1324-8f8d-40db-8f7c-fc9dc4efb658"",""16cf1324-8f8d-40db-8f7c-fc9dc4efb658"",""16cf1324-8f8d-40db-8f7c-fc9dc4efb658"",""16cf1324-8f8d-40db-8f7c-fc9dc4efb658""]"
5ce09c38-082c-40e7-bb31-141f18821dbe,15110,unidad,4,1,4,1,3,"[""6f84dec6-eeba-41bd-9652-69ac0b8d3f9a"",""d1824da9-3710-4481-8993-401ee8ced0e4"",""529dc8b0-a8e0-4c55-95d4-3c418ba45595"",""9f172036-db49-4cfd-b0f4-ecbe9a6dd1c0""]","[""16cf1324-8f8d-40db-8f7c-fc9dc4efb658"",""16cf1324-8f8d-40db-8f7c-fc9dc4efb658"",""16cf1324-8f8d-40db-8f7c-fc9dc4efb658"",""16cf1324-8f8d-40db-8f7c-fc9dc4efb658""]"
5ce09c38-082c-40e7-bb31-141f18821dbe,1072,unidad,4,1,4,1,3,"[""ea153bfd-4a14-4435-afb7-cc9b568c783f"",""de11d5a0-d624-4ae7-a686-7ac71ee9e39d"",""ac39f5e6-66ef-4ce9-b18c-7e4db2b78272"",""e0f4085f-0cbb-4bf1-961d-eb7660caab7a""]","[""16cf1324-8f8d-40db-8f7c-fc9dc4efb658"",""16cf1324-8f8d-40db-8f7c-fc9dc4efb658"",""16cf1324-8f8d-40db-8f7c-fc9dc4efb658"",""16cf1324-8f8d-40db-8f7c-fc9dc4efb658""]"
5ce09c38-082c-40e7-bb31-141f18821dbe,1390,unidad,4,1,4,0,3,"[""45790f66-e568-448e-a270-a46f65cd6616"",""aff159ae-7f1e-403e-bf92-ac01bda721fd"",""c1bc58d6-6adb-40fc-8b2a-dabc21cb7b3a"",""6d1723cf-5a80-45bd-9271-abcdf5f5440b""]","[""16cf1324-8f8d-40db-8f7c-fc9dc4efb658"",""16cf1324-8f8d-40db-8f7c-fc9dc4efb658"",""16cf1324-8f8d-40db-8f7c-fc9dc4efb658"",""16cf1324-8f8d-40db-8f7c-fc9dc4efb658""]"
5ce09c38-082c-40e7-bb31-141f18821dbe,1070,unidad,4,1,4,0,3,"[""59d1e4a7-5c97-49b3-a37d-910ada25e5db"",""0681821c-4219-4ef4-848e-cc60c64adc91"",""8010a734-262c-4569-82e2-9c28ce6fddfb"",""593dcc41-ee7b-47c9-a656-920b18705b27""]","[""16cf1324-8f8d-40db-8f7c-fc9dc4efb658"",""16cf1324-8f8d-40db-8f7c-fc9dc4efb658"",""16cf1324-8f8d-40db-8f7c-fc9dc4efb658"",""16cf1324-8f8d-40db-8f7c-fc9dc4efb658""]"
5ce09c38-082c-40e7-bb31-141f18821dbe,109,unidad,4,1,4,0,3,"[""6394de44-25fc-4fbd-9139-f5df2138682a"",""890a98e7-5b9d-4bb6-bff1-67db24effa9d"",""6fbab15d-75a8-4b7c-baa3-7a2cae158040"",""84e23535-51ab-43a9-8d93-6da78803b5e3""]","[""16cf1324-8f8d-40db-8f7c-fc9dc4efb658"",""16cf1324-8f8d-40db-8f7c-fc9dc4efb658"",""16cf1324-8f8d-40db-8f7c-fc9dc4efb658"",""16cf1324-8f8d-40db-8f7c-fc9dc4efb658""]"
5ce09c38-082c-40e7-bb31-141f18821dbe,10045,unidad,4,1,4,2,3,"[""4997b20a-84f9-4816-8fac-16510a8613ec"",""7525e295-4080-4bf6-b44a-21d2e3e27905"",""fdc9710c-fc93-4c3d-80a1-b91224604f96"",""33be6818-9f92-4e22-b106-402f7f8ffbca""]","[""16cf1324-8f8d-40db-8f7c-fc9dc4efb658"",""16cf1324-8f8d-40db-8f7c-fc9dc4efb658"",""16cf1324-8f8d-40db-8f7c-fc9dc4efb658"",""16cf1324-8f8d-40db-8f7c-fc9dc4efb658""]"
5ce09c38-082c-40e7-bb31-141f18821dbe,10230,unidad,4,1,4,0,4,"[""0a68d45d-b90a-4e29-9eb9-7d301b225445"",""0e13bbd3-0b2b-40f5-984f-473db6c41bf1"",""3b6ba347-95f0-44ce-9c3d-3cd30e26dc7f"",""54ecd595-41c2-486f-aaee-88e6a594595b""]","[""16cf1324-8f8d-40db-8f7c-fc9dc4efb658"",""16cf1324-8f8d-40db-8f7c-fc9dc4efb658"",""16cf1324-8f8d-40db-8f7c-fc9dc4efb658"",""16cf1324-8f8d-40db-8f7c-fc9dc4efb658""]"
5ce09c38-082c-40e7-bb31-141f18821dbe,10100,unidad,4,1,4,0,3,"[""ae4b780d-e810-4eba-a190-7bbead6d788f"",""bd5fc78a-ab51-41c1-b641-0c26e05c03ae"",""f914199a-37c3-47de-9559-cf53fc5d4539"",""0090bb19-32e0-41fd-8b5b-15ea265e89a1""]","[""16cf1324-8f8d-40db-8f7c-fc9dc4efb658"",""16cf1324-8f8d-40db-8f7c-fc9dc4efb658"",""16cf1324-8f8d-40db-8f7c-fc9dc4efb658"",""16cf1324-8f8d-40db-8f7c-fc9dc4efb658""]"
5ce09c38-082c-40e7-bb31-141f18821dbe,10120,unidad,4,1,4,1,3,"[""ad865421-81b1-4487-bd9d-6ef8c34b11dc"",""904d558d-9b33-496c-99c8-cf1a6436ecc2"",""bfa984bb-f92b-4d40-ab1b-6a95a118665a"",""7941f69b-aa9e-429c-b7cb-74b8ffc27568""]","[""16cf1324-8f8d-40db-8f7c-fc9dc4efb658"",""16cf1324-8f8d-40db-8f7c-fc9dc4efb658"",""16cf1324-8f8d-40db-8f7c-fc9dc4efb658"",""16cf1324-8f8d-40db-8f7c-fc9dc4efb658""]"
5ce09c38-082c-40e7-bb31-141f18821dbe,1062,unidad,4,1,4,0,3,"[""852ebba0-5645-4cd3-91fe-aa153e393490"",""2a3ba9b8-1682-4ba8-84df-7f3beba40567"",""9ccca033-afcd-43bb-9ff9-a67ff36b7556"",""f6fbeada-2e3d-4e9f-a67f-afa8f3419063""]","[""16cf1324-8f8d-40db-8f7c-fc9dc4efb658"",""16cf1324-8f8d-40db-8f7c-fc9dc4efb658"",""16cf1324-8f8d-40db-8f7c-fc9dc4efb658"",""16cf1324-8f8d-40db-8f7c-fc9dc4efb658""]"